<?xml version="1.0" encoding="UTF-8" standalone="yes"?>
<addon id="plugin.video.petrinja" name="IPTV Petrinja" version="1.0.0" provider-name="Zadar Build">
    <requires>
    </requires>
    <extension point="xbmc.python.pluginsource"
               library="default.py">
        <provides>video</provides>
    </extension>
    <extension point="xbmc.addon.metadata">
        <platform>all</platform>
        <summary>IPTV Petrinja</summary>
        <description>IPTV Petrinja</description>
    </extension>
</addon>