<?xml version="1.0" encoding="UTF-8" standalone="yes"?>
<addon id="plugin.video.terminator" version="2.0" name="[COLOR gold][B]Terminator[/B][/COLOR]" provider-name="TERMI">
    <requires>
        <import addon="xbmc.python" version="2.1.0"/>
		<import addon="script.module.addon.common" optional="true" />
    </requires>
    <extension point="xbmc.python.pluginsource" library="default.py">
        <provides>video</provides>
    </extension>
    <extension point="xbmc.service" library="service.py" start="startup">
    </extension>
    <extension point="xbmc.addon.metadata">
        <summary>Terminator</summary>
        <description>Terminator - TV uživo / PPV / Sport / Djećji-Crtići / Filmovi / Razonoda po pristupačnoj cijeni za sve.</description>
        <disclaimer></disclaimer>
        <language>hr</language>
        <platform>all</platform>
    </extension>
</addon>