<?xml version="1.0" encoding="UTF-8" standalone="yes"?>
<addon id="repository.ZadarHRrepo" name=".[COLOR blue]ZadarHR[/COLOR] repo" version="1.0.1" provider-name="ZDtim">
	<extension point="xbmc.addon.repository" name="ZadarHRrepo">
		<dir>
			<info compressed="false">https://raw.githubusercontent.com/totalrevolution/python-koding/master/zips/addons.xml</info>
			<checksum>https://raw.githubusercontent.com/totalrevolution/python-koding/master/zips/addons.xml.md5</checksum>
			<datadir zip="true">https://raw.githubusercontent.com/totalrevolution/python-koding/master/zips/</datadir>
		</dir>
		<info compressed="false">https://raw.githubusercontent.com/kodimatija/repository.ZadarHRrepo/master/zips/addons.xml</info>
		<checksum>https://raw.githubusercontent.com/kodimatija/repository.ZadarHRrepo/master/zips/addons.xml.md5</checksum>
		<datadir zip="true">https://raw.githubusercontent.com/kodimatija/repository.ZadarHRrepo/master/zips/</datadir>
	</extension>
	<extension point="xbmc.addon.metadata">
		<summary lang="en">ZadarHRrepo by ZDtim</summary>
		<description lang="en">U ovom repo cete naci najnovije addonove i buildove od nasega tima potpuno prilagodjenih za podrucje ExYu i balkana</description>
		<genre></genre>
	</extension>
</addon>