﻿<?xml version="1.0" encoding="UTF-8" standalone="yes"?>
<addon id="plugin.video.adrianasexkino" name="[B][I][COLOR orchid]Adriana sexkino[/B][/COLOR][/I]" version="1.0.1.1" provider-name="ĐOMLA">
  <requires>
    <import addon="xbmc.python" version="2.1.0"/>
    <import addon="script.module.simplejson"/>
    <import addon="script.module.resolveurl" />
    <import addon="script.common.plugin.cache"/>
    <import addon="script.module.metahandler"/>
    <import addon="script.module.requests" version="2.12.4" />
  </requires>
  <extension point="xbmc.python.pluginsource" library="xxx.py">
        <provides>video</provides>
  </extension>
  <extension point="xbmc.addon.metadata">
    <summary lang="en">adrianasexkino</summary>
    <description lang="en">XXX Addon for www.adrianasexkino</description>
    <platform>all</platform>
  </extension>
</addon>