﻿<?xml version="1.0" encoding="UTF-8" standalone="yes"?>
<addon id="plugin.video.NevenaCinema" name="[B][I][COLOR gold]Nevena Cinema [/B][/I][/COLOR]" version="1.5" provider-name="Tojelako">
    <requires>
        <import addon="xbmc.python" version="2.19.0" />
        <import addon="script.module.universalscrapers" version="1.0.0" />
        <import addon="script.module.python.koding.aio" version="0.9.9.4.3" />
        <import addon="script.module.beautifulsoup" version="3.2.1" />
        <import addon="script.module.requests" version="2.9.1" />
        <import addon="script.module.addon.common" version="2.0.0" />
        <import addon="script.module.xmltodict" version="0.9.0" />
        <!--<import addon="script.module.web-pdb" version="1.0"/>-->
        <import addon="script.module.resolveurl" />
		<import addon="script.module.NevenaCinema" version="" />
    </requires>
    <extension point="xbmc.python.pluginsource" library="default.py">
        <provides>audio video</provides>
    </extension>
    <extension point="xbmc.service" library="service.py" start="[login|startup]" />
    <extension point="xbmc.addon.metadata">
      <summary lang="en">Nevena Cinema</summary>
      <description lang="en">Sports</description>
      <disclaimer lang="en">The author of this addon do not host any of the content which is found and have no affiliation with any of the content providers. This addon simply searches websites for content. Use at your own risk!</disclaimer>
      <platform>all</platform>
	      <assets>
     <icon>icon.gif</icon>
     <fanart>fanart.jpg</fanart>
     </assets>
        <website></website>
        <video_guide></video_guide>
    </extension>
</addon>
