<?xml version="1.0" encoding="UTF-8" standalone="yes"?>
<addon id="plugin.video.petrinja" name="Live TV Petrinja" version="1.1.0" provider-name="Zadar Build Team">
    <requires>
        <import addon="script.module.certifi" version="2019.3.9"/>
	<import addon="script.module.chardet" version="3.0.4"/>
	<import addon="script.module.idna" version="2.8"/>
	<import addon="script.module.requests" version="2.22.0"/>
	<import addon="script.module.urllib3" version="1.25.3"/>
        <import addon="plugin.video.f4mTester" version="2.7.2"/>
    </requires>
    <extension point="xbmc.python.pluginsource"
               library="default.py">
        <provides>video</provides>
    </extension>
    <extension point="xbmc.addon.metadata">
        <platform>all</platform>
        <summary>Live TV Petrinja</summary>
        <description>Live TV Petrinja KODI Addon za gledanje live TV programa. Ovaj add-on ne sadrzi nikakav autorski sadrzaj unutar add-ona vec samo linkove koji vode do strimova. Addon koristi linkove koji su javno dostupni na internetu, te autor ne snosi nikakvu odgovornost za njegovu upotrebu.</description>
    </extension>
</addon>