<?xml version="1.0" encoding="UTF-8" standalone="yes"?>

				
				
<addon id="plugin.video.RobinHoodFilmovizija" name="[B][COLOR lime]Robin Hood Filmovizija[/B][/COLOR]" version="1.0.6" provider-name="Tojelako">
  <requires>
    <import addon="xbmc.python" version="2.1.0"/>
	<import addon="script.module.t0mm0.common" version="2.0.0"/>
    <import addon="script.module.beautifulsoup" version="3.2.1"/>
    <import addon="script.module.simple.downloader" version="0.9.4"/>
    <import addon="script.module.beautifulsoup4" />
    <import addon="script.module.simple.downloader" version="0.9.4"/>
    <import addon="script.module.requests" />
    <import addon="script.module.httplib2" />
    <import addon="script.module.youtube.dl" optional="true"/>
    <import addon="plugin.video.youtube" version="3.0.0"/>
	<import addon="script.video.F4mProxy" />                                                     
	<import addon="script.module.simplejson" /> 
    <import addon="script.common.plugin.cache" version="2.5.2"/>
    <import addon="script.module.metahandler" version="2.5.1"/>
    <import addon="plugin.video.live.streamspro" />
  </requires>
  <extension point="xbmc.python.pluginsource" library="default.py">
    <provides>video</provides>
  </extension>
  <extension point="xbmc.addon.metadata"> 
		<summary lang="hr_HR"></summary>
		<summary lang="en_GB">[B][COLOR lime]Domaci Filmovi I Serije[/B][/COLOR] </summary>
		<description lang="en_GB">Domaci Filmovi i Serije deciji sinhronizovani filmovi</description>
		<description lang="en_GB"></description>
		<news lang="hr_HR"></news>
		<news lang="en_GB"></news>		
		<disclaimer lang="hr_HR"></disclaimer>
		<disclaimer lang="en_GB"></disclaimer>
		<platform>all</platform>
		<website>http://RobinHoodFilmovizijabuild.com.hr</website>
  </extension>
</addon>