<?xml version="1.0" encoding="UTF-8" standalone="yes"?>
<addon id="plugin.video.saturnuspremium" version="1.2" name="[COLOR gold][B]Saturnus[/B][/COLOR][COLOR gray][B]Premium[/B][/COLOR]" provider-name="F.O.L">
    <requires>
        <import addon="xbmc.python" version="2.1.0"/>
		<import addon="script.module.addon.common" optional="true" />
    </requires>
    <extension point="xbmc.python.pluginsource" library="default.py">
        <provides>video</provides>
    </extension>
    <extension point="xbmc.service" library="service.py" start="startup">
    </extension>
    <extension point="xbmc.addon.metadata">
        <summary>Saturnus Premium</summary>
        <description>Saturnus Premium - Live TV / PPV / Sports / Kids / Movies / Entertainment at an affordable price for all.</description>
        <disclaimer></disclaimer>
        <language>en</language>
        <platform>all</platform>
    </extension>
</addon>