<?xml version="1.0" encoding="UTF-8" standalone="yes"?>
<addon id="plugin.video.livetvSerbia"
       name="Live TV Serbia"
       version="1.1.6"
       provider-name="livetvSerbia">
  <requires>
   
	
    <import addon="xbmc.python" version="2.1.0"/>
	<import addon="script.module.t0mm0.common" version="2.0.0"/>
    <import addon="script.module.beautifulsoup" version="3.2.1"/>
    <import addon="script.module.simple.downloader" version="1.9.5"/>
    <import addon="script.module.beautifulsoup4" />
    <import addon="script.module.requests" />
    <import addon="script.module.httplib2" />
    <import addon="script.module.youtube.dl" optional="true"/>
    <import addon="plugin.video.youtube" optional="true"/>
    <import addon="script.module.urlresolver" version="3.0.31"/>
    <import addon="script.module.simplejson" /> 
    <import addon="script.common.plugin.cache" version="2.5.2"/>
    <import addon="script.module.metahandler" version="2.5.1"/>-->
	<import addon="script.module.futures"/>

  </requires>
  <extension point="xbmc.python.pluginsource" library="default.py">
    <provides>video</provides>
  </extension>
  <extension point="xbmc.addon.metadata">
    <summary lang="en">Live IPTV channels from Balkan</summary>
    <description lang="en">Watch IPTV channels from Balkan. 
For more info visit our FB page @ facebook.com/livetvserbia
<disclaimer lang="en">
The author does not host or distribute any of the content displayed by this addon. The author does not have any affiliation with the content provider.
For DMCA Reports, please send message to our FB page.
</disclaimer>
	</description>
			<forum>http://fb.com/livetvserbia</forum>
		<website>http://livetvkodiserbia.com</website>
		<source>http://livetvkodiserbia.com/kodi/repository</source>
    <platform>all</platform>
	  <assets>
			<icon>icon.png</icon>
			<fanart>fanart.jpg</fanart>
			<screenshot>resources/screenshots/screenshot-001.jpg</screenshot>
			<screenshot>resources/screenshots/screenshot-002.jpg</screenshot>
			<screenshot>resources/screenshots/screenshot-003.jpg</screenshot>
		</assets>
		
		<news>
v1.1.6
- Youtube addon fix
- Added screenshoots and info in addon installation

v1.1.5
- Fixed Croatian channels 

v1.1.4
- Added new Croatian channels + Sport Klub

v1.1.3
- Added script.module.urlresolver

v1.1.2
- Some addon improvements

v1.1.1
- Fix
  
v1.1.0
- Bulgaria ITPV now can open without ChromeLauncher addon
  And you can watch on android
  
V1.0
Initial Release
</news>
  </extension>

</addon>
