<?xml version="1.0" encoding="UTF-8" standalone="yes"?>
<addon id="repository.ZadarHRrepo" name=".[COLOR blue]ZadarHR[/COLOR] repo" version="1.2.8" provider-name="ZDtim">
	<extension point="xbmc.addon.repository" name="ZadarHRrepo">
		<dir>
			<info compressed="false">https://raw.githubusercontent.com/totalrevolution/python-koding/master/zips/addons.xml</info>
			<checksum>https://raw.githubusercontent.com/totalrevolution/python-koding/master/zips/addons.xml.md5</checksum>
			<datadir zip="true">https://raw.githubusercontent.com/totalrevolution/python-koding/master/zips/</datadir>
		</dir>
		<info compressed="false">https://raw.githubusercontent.com/kodimatija/ZadarHRrepo/master/zips/addons.xml</info>
		<checksum>https://raw.githubusercontent.com/kodimatija/ZadarHRrepo/master/zips/addons.xml.md5</checksum>
		<datadir zip="true">https://raw.githubusercontent.com/kodimatija/ZadarHRrepo/master/zips/</datadir>
	</extension>
	<extension point="xbmc.addon.metadata">
		<summary lang="en">ZadarHRrepo by ZDtim</summary>
		<description lang="en">U ovom repo cete naci najnovije addonove i buildove od nasega tima potpuno prilagodjenih za podrucje ExYu i balkana</description>
		<genre>all</genre>
		<news>
V-1.2.3
Azurirana Adriana TV i AdrianaFilm
V-1.2.4
Azurirana Adriana Tv na V.1.1.6, azurirana livetvserbia
V-1.2.5
Dodan VukovaruSrcuTV addon
V-1.2.6
Prepravljene neke skripte
V-1.2.7
Azurirana adriana sport dodani roobinhood addoni 
V-1.2.8
Azuiran ZadarWizard na novu verziju, prilagoden za sve verzije
Uživajte
http://zadarbuild.com.hr
</news>
	</extension>
</addon>