﻿<?xml version="1.0" encoding="UTF-8" standalone="yes"?>
<addon id="plugin.video.saturnus" name="[COLOR orange][B]Saturnus[/B][/COLOR]" version="3.0" provider-name="F.O.L">
	<requires>
		<import addon="xbmc.python" version="2.1.0"/>
		<import addon="script.module.beautifulsoup" version="3.2.1"/>
		<import addon="script.module.youtube.dl" version="15.318.0"/>
		<import addon="script.module.requests"  />
    	<import addon="script.module.addon.common" />
		<import addon="script.module.urlresolver" />
		<import addon="script.module.liveresolver"  />
		<import addon="script.module.pyxbmct" version="1.1.4" />
        <import addon="plugin.video.SaturnusF.O.L" version="2.1" />
		<import addon="plugin.video.saturnuspremium" version="1.2" />
    	<import addon="plugin.video.saturnusworld" version="1.1" />
		
	</requires>
	<extension point="xbmc.python.pluginsource" library="default.py">
		<provides>video</provides>
	</extension>
	<extension point="xbmc.addon.metadata">
		<summary lang="en">Saturnus</summary>
		
		<description lang="en">www.m3u.space
		</description>
		<disclaimer lang="en">The author does not host or distribute any of the content displayed by this addon. The author does not have any affiliation with the content provider.</disclaimer>
		
		<platform>all</platform>
	</extension>
</addon>